Coluna1;Column7;Column8;Column9;Column18
Name;Website;Filename;OriginalFileName;InstallationPaths
TightVNC;;;;tvnviewer.exe, TightVNCViewerPortable*.exe, tvnserver.exe
Pilixo;;;;rdp.exe, Pilixo_Installer*.exe
SimpleHelp;https://simple-help.com/;;;simplehelpcustomer.exe, simpleservice.exe, simplegatewayservice.exe, remote access.exe, windowslauncher.exe, spsrv.exe, serviceconfig.xml
Domotz;;;;domotz.exe, Domotz Pro Desktop App.exe, domotz_bash.exe, domotz*.exe, Domotz Pro Desktop App Setup*.exe, domotz-windows*.exe
Chicken (of the VNC);;;;
Fortra;;;;
Manage Engine (Desktop Central);;;;dcagentservice.exe, dcagentregister.exe
Supremo;;;;supremo.exe, supremoservice.exe, supremosystem.exe, supremohelper.exe
EMCO Remote Console;;;;remoteconsole.exe
Weezo;;;;weezohttpd.exe, weezo.exe, weezo setup*.exe
Splashtop (Beta);;;;SRServer.exe, SplashtopSOS.exe, Splashtop_Streamer_Windows*.exe, SRManager.exe
Microsoft Quick Assist;;;;quickassist.exe
RemoteView;;;;remoteview.exe, rv.exe, rvagent.exe, rvagtray.exe
SuperOps;;;;superopsticket.exe, superops.exe
AweRay;;;;aweray_remote*.exe, AweSun.exe
AnyDesk;https://anydesk.com/en;anydesk.exe;AnyDesk.exe;C:\Program Files (x86)\AnyDesk\*, C:\Program Files\AnyDesk\*, /Applications/AnyDesk.app
RAdmin;https://www.radmin.com/;RServer3.exe;RServer3.exe;C:\Program Files (x86)\Radmin Viewer 3\Radmin.exe, C:\Windows\SysWOW64\rserver30\rserver3.exe, C:\Windows\SysWOW64\rserver30\FamItrfc, C:\Windows\SysWOW64\rserver30\FamItrf2
RuDesktop;;;;rd.exe, rudesktop*.exe
Ultra VNC;;;;C:\Program Files\uvnc bvba\UltraVNC\*, *\uvnc bvba\UltraVNC\*, *\UVNC_Launch.exe, *\winvnc.exe, *\vncviewer.exe
CrossLoop;;;;crossloopservice.exe, CrossLoopConnect.exe, WinVNCStub.exe
Senso.cloud;;;;SensoClient.exe, SensoService.exe, aadg.exe
MioNet (Also known as WD Anywhere Access);;;;mionet.exe, mionetmanager.exe
Laplink Gold;;;;tsircusr.exe, laplink.exe
Kabuto;;;;Kabuto.App.Runner.exe
Yandex.Disk;;;;C:\Program Files (x86)\Yandex\*, *\Yandex\*, *\YandexDisk2.exe
HopToDesk;https://www.hoptodesk.com/;;;hoptodesk.exe, C:\Program Files (x86)\HopToDesk\*, /Applications/HopToDesk.app
NetSupport Manager;;;;pcictlui.exe, pcicfgui.exe, client32.exe
Instant Housecall;;;;hsloader.exe, ihcserver.exe, instanthousecall.exe, instanthousecall.exe
HelpBeam;;;;helpbeam*.exe
ITSupport247 (ConnectWise);;;;saazapsc.exe
GoToAssist (GoTo Resolve);;;;C:\ProgramFiles*\GoTo Machine Installer\*, *\GoTo Machine Installer\*, *\GoTo\*
Pocket Cloud (Wyse);;;;pocketcloud*.exe, pocketcloudservice.exe
GatherPlace-desktop sharing;;;;gp3.exe, gp4.exe, gp5.exe
GetScreen;;;;GetScreen.exe, getscreen.exe
ManageEngine RMM Central;;;;
Basecamp;;;;
Netreo;;;;
Addigy;;;;addigy-*.pkg
Zabbix Agent;;;;zabbix_agent*.exe
Devolutions Remote Desktop Manager;https://devolutions.net/remote-desktop-manager/;RemoteDesktopManager.exe;RemoteDesktopManager;C:\Program Files\Devolutions\Remote Desktop Manager, *\RemoteDesktopManager.exe
PuTTY Tray;;;;C:\*\puttytray.exe, *\puttytray.exe
KickIdler;;;;grabberEM.*msi, grabberTT*.msi
LabTech RMM (Now ConnectWise Automate);;;;ltsvc.exe, ltsvcmon.exe, lttray.exe
MSP360;;;;Online Backup.exe, CBBackupPlan.exe, Cloud.Backup.Scheduler.exe, Cloud.Backup.RM.Service.exe, cbb.exe, CloudRaService.exe, CloudRaSd.exe, CloudRaCmd.exe, CloudRaUtilities.exe, Remote Desktop.exe, Connect.exe
Itarian;;;;ITSMAgent.exe, RViewer.exe, ItsmRsp.exe, RAccess.exe, RmmService.exe, ITarianRemoteAccessSetup.exe, RDesktop.exe, ComodoRemoteControl.exe, ITSMService.exe, RHost.exe
Goverlan;;;;goverrmc.exe, govsrv*.exe, GovAgentInstallHelper.exe, GovAgentx64.exe, GovReachClient.exe, C:\Program Files (x86)\PJ Technologies\GOVsrv\*, *\PJ Technologies\GOVsrv\*, *\GovSrv.exe
RPort;;;;rport.exe
NinjaRMM;;;;ninjarmmagent.exe, NinjaRMMAgent.exe, NinjaRMMAgenPatcher.exe, ninjarmm-cli.exe
Microsoft RDP;;;;termsrv.exe, mstsc.exe, Microsoft Remote Desktop
LogMeIn rescue;;;;support-logmeinrescue*.exe, support-logmeinrescue.exe, lmi_rescue.exe, C:\Users\*\AppData\Local\LogMeIn Rescue Applet\LMIR*.tmp\lmi_rescue.exe, C:\Users\*\AppData\Local\LogMeIn Rescue Applet\LMIR*.tmp\lmi_rescue_srv.exe, C:\Users\*\AppData\Local\LogMeIn Rescue Applet\LMIR*.tmp\lmi_rescue.exe
TeamViewer;https://www.teamviewer.com/en;TeamViewer.exe;;C:\Program Files\TeamViewer\, teamviewer_desktop.exe, teamviewer_service.exe, teamviewerhost
XRDP;;;;
FleetDeck.io;;;;fleetdeck_agent_svc.exe, fleetdeck_commander_svc.exe, fleetdeck_installer.exe, fleetdeck_commander_launcher.exe, fleetdeck_agent.exe
Remote Desktop Manager (Devolutions);;;;
Xshell;;;;C:\Program Files (x86)\NetSarang\xShell\*, *\NetSarang\xShell\*, *\xShell.exe
mRemoteNG;;;;mRemoteNG.exe, C:\Program Files (x86)\mRemoteNG\*, *\mRemoteNG\*, *\mRemoteNG.exe, c:\Program Files (x86)%\mRemoteNG, *%\mRemoteNG, mRemoteNG-Installer-*.msi, *\mRemoteNG.exe
MyGreenPC;;;;mygreenpc.exe
MultCloud;;;;requires sign up, requires sign up
TurboMeeting;;;;pcstarter.exe, turbomeeting.exe, turbomeetingstarter.exe
SmartFTP;;;;C:\Program Files (x86)\SmartFTP Client\en-US\, *\SmartFTP Client\*, *\SfShellTools.dll.mui
SkyFex;;;;Deskroll.exe, DeskRollUA.exe
eHorus;;;;ehorus standalone.exe
Netop Remote Control (aka Impero Connect);;;;nhostsvc.exe, nhstw32.exe, nldrw32.exe, rmserverconsolemediator.exe
ScreenMeet;;;;ScreenMeetSupport.exe, ScreenMeet.Support.exe
Naverisk;;;;AgentSetup-*.exe
ConnectWise;;;;C:\Program Files (x86)\ScreenConnect Client (<string ID>)\*, *\ScreenConnect*Client*\*
FreeNX;;;;C:\*\nxplayer.exe, *\nxplayer.exe
KiTTY;;;;C:\*\kitty.exe, *\kitty.exe
DragonDisk;;;;C:\Program Files (x86)\Almageste\DragonDisk\*, *\Almageste\DragonDisk\*, *\DragonDisk.exe
Pocket Controller;;;;pocketcontroller.exe, pocketcloudservice.exe, wysebrowser.exe
Remmina;;;;
Neturo;;;;neturo*.exe, ntrntservice.exe, neturo.exe
Electric AI (Kaseya);;;;
GoToAssist Agent Desktop Console;;;;C:\*\G2RDesktopConsole-x64.msi, *\G2RDesktopConsole-x64.msi
Syspectr;;;;oo-syspectr*.exe, OOSysAgent.exe
Parallels Access;;;;parallelsaccess-*.exe, TSClient.exe, prl_deskctl_agent.exe, prl_deskctl_wizard.exe, prl_pm_service.exe
BeyondTrust (Bomgar);;;;bomgar-scc-*.exe, bomgar-scc.exe, bomgar-pac-*.exe, bomgar-pac.exe, bomgar-rdp.exe
Kaseya (VSA);;agentmon.exe;;C:\Program Files (x86)\Kaseya\, C:\ProgramData\Kaseya\
ServerEye;;;;servereye*.exe, ServiceProxyLocalSys.exe
pcAnywhere;;;;awhost32.exe, awrem32.exe, pcaquickconnect.exe, winaw32.exe
NoMachine;;;;nomachine*.exe, nxservice*.ese, nxd.exe
DeskDay;;;;ultimate_*.exe
S3 Browser;;;;C:\Program Files (x86)\S3 Browser\*, *\S3 Browser\*, *\s3browser*.exe
Comodo RMM;;;;itsmagent.exe, rviewer.exe
Tactical RMM;;;;tacticalrmm.exe, tacticalrmm.exe
Bitvise SSH Server;;;;C:\Program Files\Bitvise SSH Server\*, *\Bitvise SSH Server\*, *\BvSshServer-Inst.exe
DW Service;;;;dwagsvc.exe, dwagent.exe, dwagsvc.exe
TigerVNC;;;;tigervnc*.exe, winvnc4.exe, C:\Program Files\TightVNC\*, *\TightVNC\*, *\tvnserver.exe
SmartCode Web VNC;;;;C:\Program Files\TightVNC\*, *\TightVNC\*
RDPView;;;;dwrcs.exe
Visual Studio Dev Tunnel;;;;
Impero Connect;;;;ImperoClientSVC.exe
KHelpDesk;;;;KHelpDesk.exe
IntelliAdmin Remote Control;;;;iadmin.exe, intelliadmin.exe, agent32.exe, agent64.exe, agent_setup_5.exe
Any Support;;;;ManualLauncher.exe
MEGAsync;;;;C:\Users\*\AppData\Local\MEGAsync\*, *Users\*\AppData\Local\MEGAsync\*, *ProgramData\MEGAsync\*, *\MEGAsyncSetup64.exe, *\MEGAupdater.exe
Instant Housecall;;;;hsloader.exe, InstantHousecall.exe, ihcserver.exe, instanthousecall.exe
Rocket Remote Desktop;;;;RDConsole.exe, RocketRemoteDesktop_Setup.exe
Level;https://level.io/;level.exe;;C:\Program Files\Level\*
Chrome SSH Extension;;;;C:\Users\*\AppData\Local\Google\Chrome\User Data\Default\Extensions\iodihamcpbpeioajjeobimgagajmlibd*, *Users\*\AppData\Local\Google\Chrome\User Data\Default\Extensions\iodihamcpbpeioajjeobimgagajmlibd*
Guacamole;;;;guacd.exe
Iperius Remote;;;;iperius.exe, iperiusremote.exe
Remcos;;;;remcos*.exe
ISL Online;;;;*\ISLLight.exe, isllight.exe, ISLLightClient.exe, C:\Program Files (x86)\ISL Online\ISL Light*, *\ISL Online\ISL Light*, ISLLight.exe, isllightservice.exe, islalwaysonmonitor.exe
N-Able Advanced Monitoring Agent;;;;BASupSrvc.exe, winagent.exe, BASupApp.exe, BASupTSHelper.exe, Agent_*_RW.exe, BASEClient.exe, BASupSrvcCnfg.exe
NordLocker;;;;
Ammyy Admin;https://www.ammyy.com;AA_v3.exe;;C:\\ProgramData\\AMMYY\\*, AMMYY_Admin.exe, aa_v*.exe, C:\Users\*\Downloads\AMMYY_Admin.exe, *\AMMYY_Admin.exe
Sorillus;;;;Sorillus-Launcher*.exe, Sorillus Launcher.exe
Pandora RC (eHorus);;;;ehorus standalone.exe, ehorus_agent.exe
JollysFastVNC;;;;
I'm InTouch;;;;iit.exe, intouch.exe, I'm InTouch Go Installer.exe
Parsec;https://parsec.app/;parsecd.exe;;C:\Program Files\Parsec\*, parsecd.exe, pservice.exe
MyIVO;;;;myivomgr.exe, myivomanager.exe
UltraViewer;;;;UltraViewer_Service.exe, UltraViewer_setup*, UltraViewer_Desktop.exe, ultraviewer.exe, C:\Program Files (x86)\UltraViewer\UltraViewer_Desktop.exe, *\UltraViewer\, *\UltraViewer_Desktop.exe, ultraviewer_desktop.exe, ultraviewer_service.exe, UltraViewer_Desktop.exe, UltraViewer_setup*, UltraViewer_Service.exe
Auvik;;;;auvik.engine.exe, auvik.agent.exe
Terminals;;;;
RemotePC;;;;C:\Program Files (x86)\RemotePC\*, Idrive.File-Transfer, *\RemotePC\*, remotepcservice.exe, RemotePC.exe, remotepchost.exe, idrive.RemotePCAgent, rpcsuite.exe, *\RemotePCService.exe, RemotePCService.exe
SimpleHelp;;;;simplehelpcustomer.exe, simpleservice.exe, simplegatewayservice.exe, remote access.exe, windowslauncher.exe
ScreenConnect;https://www.connectwise.com;;;C:\Program Files (x86)\ScreenConnect Client (Random)\ScreenConnect.ClientService.exe, Remote Workforce Client.exe, *\*\ScreenConnect.ClientService.exe, C:\Program Files (x86)\ScreenConnect Client (<string ID>)\*, *\ScreenConnect Client*\*, *\*\ScreenConnect.WindowsClient.exe, screenconnect*.exe, screenconnect.windowsclient.exe, Remote Workforce Client.exe, screenconnect*.exe, ConnectWiseControl*.exe, connectwise*.exe, screenconnect.windowsclient.exe, screenconnect.clientservice.exe
RealVNC;;;;
MeshCentral;https://meshcentral.com/;MeshAgent.exe;;meshcentral*.exe, meshagent*.exe, /usr/local/mesh_services/meshagent/meshagent/*, /usr/local/mesh_services/meshagent/*
Remote Desktop Plus;;;;rdp.exe
VNC;;;;winvnc*.exe, vncserver.exe, winwvc.exe, winvncsc.exe, vncserverui.exe, vncviewer.exe, winvnc.exe
CloudFlare Tunnel;;;;cloudflared.exe
ManageEngine;;;;InstallShield Setup.exe, ManageEngine_Remote_Access_Plus.exe, *\dcagentservice.exe, C:\Program Files (x86)\DesktopCentral_Agent\bin\*, *\DesktopCentral_Agent\bin\*
Free Ping Tool;;;;can't find this one, can't find this one
Remote Manipulator System;;;;rfusclient.exe, rutserv.exe
Syncthing;;;;C:\Users\*\AppData\Roaming\SyncTrayzor\*, *Users\*\AppData\Roaming\SyncTrayzor\*, *\Syncthing.exe
Rapid7;;;;ir_agent.exe, rapid7_agent_core.exe, rapid7_endpoint_broker.exe
Laplink Everywhere;;;;laplink.exe, laplink-everywhere-setup*.exe, laplinkeverywhere.exe, llrcservice.exe, serverproxyservice.exe, OOSysAgent.exe
Royal Server;;;;
Quick Assist;;;;quickassist.exe
ITSupport247 (ConnectWise);;;;saazapsc.exe
247ithelp.com (ConnectWise);;;;Remote Workforce Client.exe
ZeroTier;;;;zerotier*.msi, zerotier*.exe, zero-powershell.exe
RemoteCall;;;;rcengmgru.exe, rcmgrsvc.exe, rxstartsupport.exe, rcstartsupport.exe, raautoup.exe, agentu.exe, remotesupportplayeru.exe
Royal TS;;;;royalts.exe
Netviewer (GoToMeet);;;;nvClient.exe, netviewer.exe
Action1;https://www.action1.com/;action1_connector.exe;;C:\Windows\Action1\*
HelpU;;;;helpu_install.exe, HelpuUpdater.exe, HelpuManager.exe
Koofr;;;;
AnyViewer;https://www.anyviewer.com/;AnyViewer.exe;AnyViewer;C:\Program Files (x86)\AnyViewer\*
Netop Remote Control (Impero Connect);;;;nhostsvc.exe, nhstw32.exe, ngstw32.exe, Netop Ondemand.exe, nldrw32.exe, rmserverconsolemediator.exe, ImperoInit.exe, Connect.Backdrop.cloud*.exe, ImperoClientSVC.exe
Adobe Connect;;;;ConnectAppSetup*.exe, ConnectShellSetup*.exe, Connect.exe, ConnectDetector.exe
QQ IM-remote assistance;;;;qq.exe, QQProtect.exe, qqpcmgr.exe
Sophos-Remote Management System;;;;clientmrinit.exe, mgntsvc.exe, routernt.exe
Netviewer;;;;netviewer*.exe, netviewer.exe
CruzControl;;;;
Free Tools Launcher;;;;C:\Program Files\ManageEngine\ManageEngine Free Tools\Launcher\*, *\ManageEngine\*
Centurion;;;;ctiserv.exe
Tailscale;;;;tailscale-*.exe, tailscaled.exe, tailscale-ipn.exe
Royal Apps;;;;royalserver.exe, royalts.exe
Solar-PuTTY;;;;C:\Program Files\Solar-Putty-v4\*, *\Solar-Putty-v4\*, *\Solar-PuTTY.exe
ExtraPuTTY;;;;C:\Users\*\ExtraPuTTY-0.30-2016-01-28-installer.exe, *Users\*\ExtraPuTTY-0.30-2016-01-28-installer.exe, *\ExtraPuTTY-0.30-2016-01-28-installer.exe
Alpemix;https://www.alpemix.com/en/Home;Alpemix.exe;Alpemix;C:\AlpemixService.exe, C:\AlpemixSrvc\
Tanium;;;;TaniumClient.exe, TaniumCX.exe, TaniumExecWrapper.exe, TaniumFileInfo.exe, TPowerShell.exe
PSEXEC (Clone);;;;paexec.exe, PAExec-*.exe, csexec.exe , remcom.exe, remcomsvc.exe, xcmd.exe, xcmdsvc.exe
GotoHTTP;;;;GotoHTTP_x64.exe, gotohttp.exe, GotoHTTP*.exe
Xpra;;;;C:\Program Files (x86)\Xpra\*, *\Xpra\*, *\Xpra-Launcher.exe, *\Xpra-x86_64_Setup.exe
Ericom Connect;;;;EricomConnectRemoteHost*.exe, ericomconnnectconfigurationtool.exe
DeskShare;;;;TeamTaskManager.exe, DSGuest.exe
Echoware;;;;echoserver*.exe, echoware.dll
Bitvise SSH Client;;;;C:\Program Files (x86)\Bitvise SSH Client\*, *\Bitvise SSH Client\*, *\BvSshClient-Inst.exe
Encapto;;;;
Synergy;;;;
Remobo;;;;remobo.exe, remobo_client.exe, remobo_tracker.exe
SecureCRT;;;;C:\*\SecureCRT.EXE, *\SecureCRT.EXE, *\VanDyke Software\ClientPack\*
AliWangWang-remote-control;;;;alitask.exe
NTR Remote;;;;NTRsupportPro_EN.exe
PDQ Connect;;;;pdq-connect*.exe
ngrok;;;;ngrok.exe, C:\*\ngrok.zip, *\ngrok*
OCS inventory;;;;ocsinventory.exe, ocsservice.exe
LabTeach (Connectwise Automate);;;;ltsvc.exe
Quest KACE Agent (formerly Dell KACE);;;;konea.exe
BeyondTrust;;;;
Syncro;;;;Syncro.Installer.exe, Kabuto.App.Runner.exe, Syncro.Overmind.Service.exe, Kabuto.Installer.exe, KabutoSetup.exe, Syncro.Service.exe, Kabuto.Service.Runner.exe, Syncro.App.Runner.exe, SyncroLive.Service.exe, SyncroLive.Agent.exe
WinSCP;;;;C:\Users\IEUser\Downloads\WinSCP-5.21.6-Portable\*, *\WinSCP*Portable\*, *\WinSCP.exe, *\WinSCP\*
Ivanti Remote Control;;;;IvantiRemoteControl.exe, ArcUI.exe, AgentlessRC.exe
SpyAnywhere;;;;sysdiag.exe
DesktopNow;;;;desktopnow.exe
Dev Tunnels (aka Visual Studio Dev Tunnel);;;;
rdp2tcp;;;;tdp2tcp.exe, rdp2tcp.py
Netop;;;;C:\Program Files\Danware Data\NetOp Packn Deploy\*, *\Danware Data\NetOp Packn Deploy\*, *\Netop Remote Control\*
Xeox;;;;xeox-agent_x64.exe, xeox_service_windows.exe, xeox-agent_*.exe, xeox-agent_x86.exe
Ericom AccessNow;;;;accessserver*.exe, accessserver.exe
Pocket Controller (Soti Xsight);;;;pocketcontroller.exe, wysebrowser.exe, XSightService.exe
ISL Light;;;;islalwaysonmonitor.exe, isllight.exe, isllightservice.exe
Total Software Deployment;;;;C:\ProgramData\Total Software Deployment\*, *\Total Software Deployment\*, *\tniwinagent.exe, *\Tsdservice.exe
Barracuda;;;;
rdpwrap;;;;RDPWInst.exe, RDPCheck.exe, RDPConf.exe
LogMeIn;https://www.logmein.com/;lmiguardiansvc.exe;;None
Zoho Assist;;;;zaservice.exe, ZMAgent.exe, C:\*\ZA_Access.exe, ZohoMeeting.exe, Zohours.exe, zohotray.exe, ZohoURSService.exe, *\ZA_Access.exe, Zaservice.exe, za_connect.exe, connect.exe
UltraVNC;;;;UltraVNC*.exe
Onionshare;;;;C:\Program Files (x86)\OnionShare\*, *\OnionShare\*, *\onionshare*.exe, OnionShare-win*.msi
ISL Online;;;;islalwaysonmonitor.exe, isllight.exe, isllightservice.exe, ISLLightClient.exe, C:\Program Files (x86)\ISL Online\ISL Light*, *\ISL Online\ISL Light*, *\ISLLight.exe
Connectwise Automate (LabTech);;;;ltsvc.exe, ltsvcmon.exe, lttray.exe
BeAnyWhere;;;;basuptshelper.exe, basupsrvcupdate.exe, BASupApp.exe, BASupSysInf.exe, BASupAppSrvc.exe, TakeControl.exe, BASupAppElev.exe, basupsrvc.exe
Splashtop;;;;C:\Program Files (x86)\Splashtop\*, *\Splashtop\Splashtop Remote\Client for RMM\*, strwinclt.exe
mstsc;;;;C:\Windows\System32\mstsc.exe, *Windows\System32\mstsc.exe
SysAid;;;;C:\Program Files\SysAidServer\*, *\SysAidServer\*, *\SysAid\*, *\IliAS.exe
Remote.it;;;;remote-it-installer.exe, remote.it.exe, remoteit.exe
Aspia;https://aspia.org/;aspia_client.exe;aspia_client.exe;*\aspia_client.exe, C:\Program Files\Aspia\, C:\Program Files (x86)\Aspia\
AeroAdmin;;;;aeroadmin.exe, AeroAdmin.exe
ShowMyPC;;;;SMPCSetup.exe, showmypc*.exe, showmypc.exe, smpcsetup.exe
LiteManager;;;;lmnoipserver.exe, ROMFUSClient.exe, romfusclient.exe, romviewer.exe, romserver.exe, ROMServer.exe
PuTTY;;;;*\putty.exe
Level.io;;;;level-windows-amd64.exe, level.exe, level-remote-control-ffmpeg.exe
Apple Remote Desktop;;;;ARDAgent.app
ESET Remote Administrator;;;;era.exe, einstaller.exe, ezhelp*.exe, eratool.exe, ERAAgent.exe
Jump Desktop;;;;jumpclient.exe, jumpdesktop.exe, jumpservice.exe, jumpconnect.exe, jumpupdater.exe
BeamYourScreen;;;;beamyourscreen.exe, beamyourscreen-host.exe
SmarTTY;;;;c:\Program Files (x86)\Sysprogs\SmarTTY\*, *\Sysprogs\SmarTTY\*, *\SmarTTY.exe
MioNet (WD Anywhere Access);;;;mionet.exe, mionetmanager.exe
TeleDesktop;;;;pstlaunch.exe, ptdskclient.exe, ptdskhost.exe
Splashtop Remote;;;;strwinclt.exe, Splashtop_Streamer_Windows*.exe, SplashtopSOS.exe, sragent.exe, srmanager.exe, srserver.exe, srservice.exe
RustDesk;https://rustdesk.com/;;;rustdesk*.exe, rustdesk.exe, C:\Users\*\AppData\Local\rustdesk\rustdesk.exe, C:\Users\*\AppData\Local\rustdesk\*, C:\Program Files\RustDesk
DeskNets;;;;
NinjaOne (formerly NinjaRMM);;;;*ProgramData\NinjaRMMAgent\*
RES Automation Manager;;;;wisshell*.exe, wmc.exe, wmc_deployer.exe, wmcsvc.exe
BeInSync;;;;Beinsync*.exe
Tanium Deploy;;;;
Bluetrait;https://bluetrait.io/;Bluetrait MSP Agent.exe;Bluetrait MSP Agent.exe;C:\Program Files (x86)\Bluetrait Agent\*
CentraStage (Now Datto);;;;CagService.exe, AEMAgent.exe
N-Able Advanced Monitoring Agent;;;;Agent_*_RW.exe, BASEClient.exe, BASupApp.exe, BASupSrvc.exe, BASupSrvcCnfg.exe, BASupTSHelper.exe
Pcnow;;;;mwcliun.exe, pcnmgr.exe, webexpcnow.exe
SunLogin;;;;OrayRemoteShell.exe, OrayRemoteService.exe, sunlogin*.exe
DameWare;;;;SolarWinds-Dameware-DRS*.exe, DameWare Mini Remote Control*.exe, C:\Windows\dwrcs\*, C:\Program Files\SolarWinds\Dameware Mini Remote Control\*, dntus*.exe, dwrcs.exe, *\dwrcs\*, *\dwrcst.exe, DameWare Remote Support.exe, SolarWinds-Dameware-MRC*.exe
LANDesk;;;;issuser.exe, landeskagentbootstrap.exe, LANDeskPortalManager.exe, ldinv32.exe, ldsensors.exe, C:\Program Files (x86)\LANDesk\*, *\LANDesk\*, *\issuser.exe, *\softmon.exe, *\tmcsvc.exe
OptiTune;;;;OTService.exe, OTPowerShell.exe
GoToAssist;;;;gotoassist.exe, g2a*.exe, GoTo Assist Opener.exe, g2mcomm.exe, g2mupdate.com, goto opener.exe, g2ax_comm_customer.exe
NoteOn-desktop sharing;;;;nateon*.exe, nateon.exe, nateonmain.exe
MobaXterm;;;;C:\*\MobaXterm_installer_12.1.msi, *\MobaXterm_installer_*.msi, *\Mobatek\MobaXterm\*
ezHelp;;;;ezhelpclientmanager.exe, ezHelpManager.exe, ezhelpclient.exe
ConnectWise Control;;;;connectwisechat-customer.exe, connectwisecontrol.client.exe, screenconnect.windowsclient.exe
RemoteUtilities;;;;rutview.exe, *\Remote Manipulator System - Server\*, C:\Program Files\Remote Utilities\*, *\Remote Utilities\*, rutserv.exe, *\rutserv.exe
Jump Cloud;;;;JumpCloud*.exe 
X2Go;;;;
NetLock RMM;https://www.netlockrmm.com/;;;NetLock_RMM_Agent_Installer.exe, NetLock_RMM_Agent_Installer, /var/0x101_Cyber_Security/*, /Library/Application Support/0x101_Cyber_Security/*, /usr/local/bin/0x101_Cyber_Security/Netlock_RMM/*, /usr/0x101_Cyber_Security/Netlock_RMM/*, C:\ProgramData\0x101 Cyber Security\NetLock RMM\Comm Agent\*, C:\Program Files\0x101 Cyber Security\NetLock RMM\UserAgent\NetLock_RMM_User_Process.exe, C:\Program Files\0x101 Cyber Security\NetLock RMM\UserAgent\NetLock_RMM_User_UAC.exe
Pulseway;;;;PCMonitorManager.exe, pcmonitorsrv.exe
Panorama9;;;;p9agent*.exe
Chrome Remote Desktop;;;;remote_host.exe, remoting_host.exe, C:\Program Files (x86)\Google\Chrome Remote Desktop\*, *\Google\Chrome Remote Desktop\*, *\remoting_host.exe
WebRDP;;;;webrdp.exe
PSEXEC;;;;psexec.exe, psexecsvc.exe
Insync;;;;C:\Users\USERNAME\AppData\Roaming\Insync\App\Insync.exe, *Users\*\AppData\Roaming\Insync\App\Insync.exe, *\Insync.exe
GoToMyPC;;AppCore.exe;;C:\Program Files (x86)\GoToMyPC\*
SuperPuTTY;;;;C:\Downloads\SuperPuTTY\*, *Downloads\SuperPuTTY\*, *\superputty.exe, *\SuperPuTTY\*
ToDesk;;;;todesk.exe, ToDesk_Service.exe, ToDesk_Setup.exe
Remote Utilities;;;;rutview.exe, rutserv.exe
FreeRDP;;;;
Pcvisit;;;;pcvisit.exe, pcvisit_client.exe, pcvisit-easysupport.exe, pcvisit_service_client.exe
Acronis Cyber Protect (Remotix);;;;AcronisCyberProtectConnectQuickAssist*.exe, AcronisCyberProtectConnectAgent.exe
RemotePass;;;;remotepass-access.exe, rpaccess.exe, rpwhostscr.exe
FastViewer;;;;fastclient.exe, fastmaster.exe, FastViewer.exe
Microsoft TSC;;;;termsrv.exe, mstsc.exe
Lite Manager;;;;C:\Program Files\LiteManager Pro – Viewer\*, *\LiteManager Pro – Viewer\*, *\LMNoIpServer.exe
Mocha VNC Lite;;;;This installs a modified VNC and cannot be blocked by path separate from VNC, This installs a modified VNC and cannot be blocked by path separate from VNC, *\RealVNC\VNC4\*
WebEx (Remote Access);;;;
Anyplace Control;;;;apc_host.exe
Site24x7;;;;MEAgentHelper.exe, MonitoringAgent.exe, Site24x7WindowsAgentTrayIcon.exe, Site24x7PluginAgent.exe
Seetrol;;;;seetrolcenter.exe, seetrolclient.exe, seetrolmyservice.exe, seetrolremote.exe, seetrolsetting.exe
Distant Desktop;;;;ddsystem.exe, dd.exe, distant-desktop.exe
Duplicati;;;;c:\Program Files\*\Duplicati.Server.exe, *\*\Duplicati.Server.exe
Mikogo;;;;mikogo.exe, mikogo-starter.exe, mikogo-service.exe, mikogolauncher.exe, C:\Users\*\AppData\Roaming\Mikogo\*, *Users\*\AppData\Roaming\Mikogo\*, *\Mikogo-Service.exe, *\Mikogo-Screen-Service.exe
N-ABLE Remote Access Software;;;;
VNC Connect;;;;C:\Program Files\RealVNC\VNC Server\*, *\RealVNC\VNC Server\*
Atera;https://www.atera.com/;AteraAgent.exe;AteraAgent.exe;*\AgentPackageNetworkDiscovery.exe, *\AgentPackageTaskScheduler.exe, *\ATERA Networks\AteraAgent\*, *\AteraAgent.exe, atera_agent.exe, atera_agent.exe, ateraagent.exe, C:\Program Files\ATERA Networks\AteraAgent\*, C:\Program Files\Atera Networks, C:\Program Files (x86)\Atera Networks, syncrosetup.exe
CrossTec Remote Control;;;;PCIVIDEO.EXE, supporttool.exe
FixMe.it;;;;FixMeit Client.exe, TiExpertStandalone.exe, FixMeitClient*.exe, TiExpertCore.exe, FixMeit Unattended Access Setup.exe, FixMeit Expert Setup.exe, TiExpertCore.exe, fixmeitclient.exe, TiClientCore.exe, TiClientHelper*.exe, 9380CC75B872221A7425D7503565B67580407F60
Level.io;;;;level-windows-amd64.exe, level.exe, level-remote-control-ffmpeg.exe
Absolute (Computrace);;;;rpcnet.exe, ctes.exe, ctespersitence.exe, cteshostsvc.exe, rpcld.exe
Access Remote PC;https://www.remotedesktop.com/;;;C:\Program Files (x86)\RemotePC\*
GoTo Opener;;;;C:\Program Files (x86)\GoTo Opener, *\GoTo Opener
NetSupport Manager;;;;pcictlui.exe, client32.exe, pcicfgui.exe
ZOC;;;;C:\Program Files\ZOC8\*, *\ZOC?\*, *\zoc.exe
RunSmart;;;;
